word,count
experience,2366
data,1750
team,1023
benefits,789
job,787
engineering,769
business,756
technical,736
software,703
role,671
product,660
design,653
range,639
development,626
skills,617
compensation,608
status,576
research,576
solutions,553
teams,546
science,531
employment,521
systems,519
opportunity,514
years,512
disability,503
customers,501
position,455
company,450
base,443
world,438
models,429
performance,404
computer,401
qualifications,394
salary,390
products,389
location,382
employer,380
machine,378
degree,377
cloud,377
technologies,375
information,363
amp,355
databricks,352
process,348
technology,342
customer,342
services,339
platform,339
ability,336
knowledge,334
people,333
roles,313
application,313
gender,306
applicants,303
google,302
field,301
aws,300
security,298
experiences,297
amazon,296
ml,295
engineers,285
applications,277
intelligence,271
tools,270
infrastructure,268
complex,266
employees,264
management,263
problems,261
future,252
equity,251
adobe,250
needs,249
veteran,248
law,244
time,239
responsibilities,238
environment,236
race,234
impact,233
python,231
employee,231
analysis,228
basis,228
partner,227
national,224
scale,223
age,222
orientation,219
culture,218
religion,217
origin,217
program,215
microsoft,215
leadership,213
global,213
insights,210
use,210
part,206
career,205
market,204
engineer,204
code,203
organization,201
analytics,201
language,201
chance,201
color,200
accommodations,199
model,199
requirements,198
companies,197
practices,195
value,195
system,191
projects,189
vision,189
programming,187
life,187
quality,183
industry,183
expertise,183
artificial,181
growth,180
operations,176
https,176
identity,175
hardware,171
bachelor,170
plan,170
nvidia,168
bonus,167
total,167
challenges,165
factors,165
plans,165
form,162
year,162
communication,162
strategy,161
details,159
results,159
inclusive,159
com,159
job-related,158
architecture,158
usd,158
mission,156
frameworks,155
core,155
accommodation,153
optimization,150
expression,150
user,149
workplace,149
platforms,147
techniques,146
pipelines,146
candidate,145
scientists,144
decisions,144
day,144
empower,144
sales,144
policy,143
sex,141
deployment,141
san,141
opportunities,140
geographic,139
capabilities,136
abbott,136
francisco,135
state,135
success,134
addition,133
production,131
multiple,131
locations,131
stakeholders,130
u,129
web,128
computing,128
duties,127
users,125
health,125
access,125
assistance,125
test,120
project,118
digital,118
t,118
areas,117
integration,117
businesses,117
criminal,116
diversity,116
collaboration,114
metrics,113
generation,113
los,112
angeles,112
goals,112
statistics,111
safety,111
potential,111
incentives,111
master,110
languages,110
innovation,110
tesla,110
analytical,109
leverage,109
level,107
power,107
environments,107
markets,106
education,105
service,105
marketing,105
way,105
strategies,104
proficiency,104
positions,104
insurance,104
share,103
area,103
values,103
robotics,100
colorado,100
individual,99
spark,99
familiarity,98
issues,97
c++,97
healthcare,97
records,96
workflows,96
//www,96
conviction,95
ordinance,95
action,94
package,94
cost,93
storage,92
standards,92
enterprise,92
family,91
ethnicity,91
programs,90
facebook,90
execution,89
hands-on,88
partners,86
county,86
trust,85
members,84
others,83
ideas,82
place,82
automation,82
deepmind,82
resources,82
adoption,81
path,81
inference,79
concepts,79
inclusion,79
window,78
compliance,78
massachusetts,78
developer,77
researchers,77
characteristics,76
efficiency,75
mentorship,75
background,75
promotion,75
content,74
testing,74
benefit,74
developers,73
shape,73
managers,73
humanity,73
ordinances,73
comprehensive,72
initiatives,71
efforts,71
community,71
mathematics,70
phd,70
contribution,70
influence,69
cases,69
methods,69
delivery,69
query,69
control,69
apps,69
sap,69
recruiter,68
methodologies,68
candidates,68
outcomes,68
condition,68
privacy,68
excellence,68
laws,68
description,68
citizenship,67
reliability,67
labor,67
passion,67
physics,66
leader,66
track,66
pregnancy,66
ways,65
record,65
search,64
scientist,64
novel,63
implementation,63
feedback,62
end,62
applicant,62
roadmap,61
contact,61
manager,60
architect,60
problem,60
perspectives,60
llms,60
gpu,60
california,59
coverage,59
components,59
staff,59
audiences,59
data-driven,58
options,58
end-to-end,58
tasks,58
lives,58
apache,58
ibm,58
economics,57
billions,57
solution,57
workloads,57
regulations,57
interview,57
perks,57
member,56
reviews,56
priorities,56
leaders,56
relationships,56
transparency,56
connection,56
salaries,56
stock,56
media,55
isn,55
disabilities,55
journey,54
empowers,54
rate,54
human,53
databases,53
address,53
video,53
patterns,53
source,53
site,53
devices,53
approaches,53
recommendations,52
network,52
accordance,52
screens,52
direction,52
individuals,52
assignment,52
boundaries,51
organizations,51
country/region,51
request,51
savings,51
histories,50
eeo,50
evaluation,50
act,50
problem-solving,50
relationship,50
constraints,50
today,50
amazonians,50
adjustment,50
jobs/content/en/how-we-hire/accommodations,50
accounts,50
transgender,50
statement,50
theft,50
termination,50
equality,50
discrimination,50
merit,50
commission,50
millions,49
conferences,49
public,49
conditions,49
loss,49
incentive,49
ancestry,48
agents,48
builds,48
improvements,48
kubernetes,48
portfolio,48
history,48
groups,47
principles,47
pytorch,47
compute,47
affiliation,47
policies,47
ad,47
reality,47
delta,47
york,46
ecosystem,46
javascript,46
events,46
government,46
detection,46
aetna,46
expert,45
custom,45
structures,45
discipline,45
mentor,45
tooling,45
hybrid,45
foundation,45
simulation,45
employers,44
productivity,44
sets,44
clients,44
person,44
fortune,44
countries,43
balance,43
edge,43
payroll,43
genai,42
communities,42
home,42
mindset,42
ci/cd,42
evolution,42
www,42
ppo,42
collaborative,41
approach,41
ownership,41
designers,41
alignment,41
governance,41
innovations,41
experts,41
variety,41
office,41
number,41
excel,41
adverse,41
usa,40
foster,40
city,40
partnership,40
bi,40
tool,40
state-of-the-art,40
econometrics,40
forms,40
sources,39
guidance,39
documentation,39
creators,39
creation,39
matter,39
apis,39
ethics,39
lifecycle,39
aboutamazon,39
initiative,39
dental,39
fields,38
date,38
pipeline,38
tech,38
database,38
libraries,38
planet,38
bay,38
payments,38
com/workplace/employee-benefits,38
trends,37
metropolitan,37
life-changing,37
mlops,37
scalability,36
improvement,36
goal,36
videos,36
customer-facing,36
domain,36
months,36
datasets,36
data-science,36
brands,36
sciences,35
space,35
integrity,35
depth,35
objectives,35
maximum,35
world-class,35
idea,35
scala,35
tensorflow,34
visualization,34
validation,34
requests,34
levels,34
compiler,34
images,34
instagram,34
supply,34
paths,34
globe,34
lake,34
target,34
commuter,34
retrieval,33
deliverables,33
designs,33
center,33
forefront,33
attention,33
consulting,33
executives,33
talent,33
colleagues,33
assessment,33
fleet,33
week,33
fertility,33
commerce,33
gemini,32
device,32
experimentation,32
retail,32
contributions,32
discovery,32
chain,32
supervisors,32
certifications,32
eligibility,32
trails,32
trailblazer,32
mobile,31
measurement,31
conduct,31
analyses,31
engagement,31
email,31
detail,31
multimodal,31
military,31
confidentiality,31
gt,31
offices,31
executive,30
agent,30
international,30
risks,30
suite,30
respect,30
accountability,30
slack,30
workforce,30
thousands,30
category,30
labs,30
stages,30
holidays,30
back-up,30
surrogacy,30
lakehouse,30
voice,29
qualities,29
decision-making,29
consumer,29
monitor,29
s3,29
ms,29
whatsapp,29
region,29
feature,28
prototype,28
silicon,28
partnerships,28
engine,28
prototypes,28
measure,28
questions,28
align,28
marketplace,28
packages,28
aims,28
framework,28
art,28
order,28
dashboards,28
architects,28
careers,28
interaction,28
things,28
limits,28
devops,28
voices,28
immense,28
competence,28
artists,28
screen,28
yours,28
heart,27
explore,27
priority,27
verification,27
gtm,27
investment,27
scope,27
cycle,27
immersive,27
calendar,27
roadmaps,27
resource,27
diagnostics,27
workers,27
material,27
commitment,27
conversations,27
rules,27
linux,27
mlflow,27
illness,27
hospital,27
accident,27
pet,27
findings,26
elements,26
judgment,26
standard,26
functions,26
publications,26
pacific,26
purchase,26
page,26
domains,26
group,26
participation,26
revenue,26
damage,26
reduction,26
transfers,26
aip,26
website,26
postings,25
spans,25
concept,25
nlp,25
chip,25
flexibility,25
com/us/en/us-corporate-pay,25
days,25
rag,25
messenger,25
2d,25
distance,25
childbirth,25
stereotypes,25
accommodations-ext,25
withdrawal,25
possession,25
obligations,25
rights,25
viewpoint,25
classifications,25
promotions,25
ttc,25
award,25
state-specific,25
notices,25
administer,25
detector,25
penalties,25
liability,25
comcast,25
condé,25
nast,25
discretion,25
deduction,25
family-building,25
fsa,25
childcare,25
parenting,25
indemnity,25
babies,25
discounts,25
accuracy,24
points,24
image,24
gpus,24
warehouse,24
neural,24
energy,24
bar,24
challenge,24
doctorate,24
transportation,24
industries,24
salesforcebenefits,24
california-based,24
mybenefitsnow,24
com/databricks,24
socio-economic,24
export-controlled,24
license,24
decline,24
nutrition,24
reinforcement,23
decision,23
centers,23
introduction,23
tests,23
demand,23
mining,23
experiments,23
interface,23
client,23
curiosity,23
abilities,23
reputation,23
consideration,23
immigration,23
orchestration,23
knowledge-sharing,23
invent,23
interfaces,23
offerings,23
saas,23
relational,23
earnings,23
commissionable,23
width,23
medicines,23
inspire,22
vendors,22
speech,22
behalf,22
availability,22
interactions,22
snapshot,22
interest,22
advertisers,22
affinity,22
work/life,22
work-life,22
reimbursement,22
quantum,22
insight,21
validate,21
effectiveness,21
love,21
speed,21
finance,21
changes,21
context,21
travel,21
junior,21
accelerators,21
implementations,21
hadoop,21
inventions,21
don,21
frontier,21
latency,21
runtime,21
hours,21
algorithm,21
scheduling,21
employee-led,21
harmony,21
inc,21
paycheck,21
vacation,21
flex,21
weight,21
tobacco,21
cessation,21
nutritionals,21
ads,20
transformation,20
launch,20
discussions,20
sensors,20
freedom,20
ambiguity,20
advantage,20
self,20
threat,20
cuda,20
robot,20
earth,20
relocation,20
autonomy,20
washington-based,20
debt,20
optimus,20
intersection,19
activities,19
internet,19
materials,19
sustainability,19
text,19
frontend,19
signal,19
backgrounds,19
event,19
expense,19
perception,19
visual,19
brand,19
docker,19
example,19
exercise,19
redshift,19
alternative,19
combination,19
github,19
chatgpt,19
cash,19
awards,19
retirement,19
era,18
fraud,18
matters,18
capacity,18
facilitate,18
specialist,18
wellness,18
cloud-based,18
belief,18
milestones,18
exhibit,18
breakthroughs,18
disciplines,18
analyst,18
essential,18
startups,18
mitigations,18
clusters,18
ic4,18
complexity,18
root,18
publishers,18
tec,18
student,18
networks,18
differences,18
career-advancing,18
sacrifices,18
memory,18
dns,18
aspirations,18
tuition,18
deadlines,17
creativity,17
packaging,17
store,17
engagements,17
risk,17
stakeholder,17
clarity,17
specifications,17
shipping,17
ground,17
abstractions,17
landscape,17
iteration,17
topics,17
tableau,17
observability,17
safeguard,17
movement,17
vehicle,17
amazecon,17
hasn,17
nature,17
masters,17
self-driving,17
vehicles,17
engines,17
division,17
dream,17
hip,17
freeu,17
dozens,17
mothers,17
female,17
view,16
peers,16
proactive,16
server,16
vulnerabilities,16
presentations,16
students,16
presentation,16
structure,16
manner,16
self-service,16
types,16
studies,16
recognition,16
term,16
party,16
actions,16
purpose,16
robots,16
exposure,16
copilot,16
trade-offs,16
stress,16
trustworthiness,16
professionalism,16
fundamentals,16
bias,16
utility,16
cluster,16
humanoid,16
autopilot,16
causal,15
acceleration,15
failure,15
release,15
enterprises,15
documents,15
prioritization,15
professionals,15
willingness,15
mechanisms,15
performant,15
protocols,15
optimizations,15
series,15
impacts,15
stacks,15
clearance,15
mechanical,15
zone,15
btp,15
list,14
guidelines,14
soc,14
june,14
ship,14
marketers,14
increase,14
microservices,14
lines,14
drivers,14
compilers,14
gaps,14
advisor,14
velocity,14
usage,14
communications,14
self-starter,14
advancements,14
capability,14
hands,14
scenarios,14
empathy,14
parallel,14
bachelors,14
response,14
characterization,14
functionality,14
gen,14
fun,13
chips,13
aspects,13
oversee,13
behavior,13
document,13
deployments,13
jax,13
papers,13
breadth,13
usability,13
collection,13
patents,13
workload,13
gdm,13
deadline,13
completion,13
efficiencies,13
assets,13
timelines,13
front,13
channels,13
mathematical,13
internships,13
onsite,13
production-ready,13
authentication,13
abbottbenefits,13
com/abbott,13
abbottnews,13
enterprise-grade,12
emphasis,12
parts,12
line,12
sites,12
expectations,12
workshops,12
troubleshoot,12
pain,12
transformers,12
manipulation,12
matlab,12
forecast,12
deals,12
bottlenecks,12
resilience,12
business-related,12
ic3,12
vector,12
logs,12
computation,12
intern,12
december,12
fulfillment,12
nosql,12
analysts,12
definition,12
certification,12
foundry,12
glucose,12
stories,11
accelerates,11
unlock,11
resolution,11
asic,11
ic,11
relevance,11
effort,11
possess,11
responsibility,11
stability,11
synthesis,11
cbrn,11
director,11
clouds,11
ingestion,11
langchain,11
microsoftai,11
tune,11
monetization,11
quo,11
app,11
robotic,11
graduation,11
internship,11
fulfill,11
ce,11
dive,11
component,11
lambda,11
robustness,11
detail-oriented,11
firmware,11
function,11
vendor,11
providers,11
machines,11
computers,11
camera,11
optimizer,11
outperform,11
expressiveness,11
multi-year,11
mountain,10
triage,10
unit,10
manual,10
procedures,10
interests,10
targets,10
meetings,10
container,10
whitepapers,10
journals,10
healthier,10
disease,10
consumption,10
tradeoffs,10
pace,10
reasoning,10
ml/ai,10
day-to-day,10
coordination,10
champion,10
scikit-learn,10
co-design,10
consequences,10
kernels,10
study,10
identification,10
terraform,10
update,10
retrieval-augmented,10
benchmark,10
graphics,10
visualizations,10
motion,10
warehouses,10
theory,10
audience,10
perl,10
weeks,10
class,10
offering,10
experiment,10
allocation,10
enablement,10
node,10
js,10
regression,10
extensibility,10
throughput,10
blob,10
missions,10
school,10
abstraction,10
palantirians,10
parents,10
cancer,10
drug,10
enthusiastic,9
powers,9
equipment,9
hyperscale,9
builders,9
accessibility,9
defines,9
infra,9
compression,9
efficacy,9
consultant,9
hundreds,9
proof-of-concept,9
stores,9
anomalies,9
bespoke,9
entertainment,9
self-motivated,9
estimate,9
threats,9
actors,9
task,9
fairness,9
ensures,9
telemetry,9
operation,9
shop,9
geeks,9
dimensions,9
cooperation,9
project-delivery,9
specialists,9
tens,9
inventory,9
associate,9
user-friendly,9
fantastic,9
host,9
emr,9
lakes,9
oracle,9
circuit,9
anomaly,9
chatbots,9
servers,9
load,9
sa,9
ee,9
units,9
triton,9
motor,9
authorization,9
bug,9
sensor,9
hpc,9
nemo,9
developments,9
scratch,9
backends,9
product-driven,9
utilization,9
lets,9
competencies,9
employs,9
children,9
plane,9
ny,8
switch,8
conception,8
story,8
drives,8
abuse,8
typescript,8
virtualization,8
golang,8
assessments,8
migration,8
containerization,8
http,8
skill,8
crm,8
player,8
multidisciplinary,8
foundations,8
collaborators,8
cohesive,8
complement,8
m365,8
peer,8
behaviors,8
production-grade,8
states,8
driver,8
box,8
multi-task,8
maintenance,8
pyspark,8
transactions,8
continual,8
datacenter,8
weaknesses,8
norm,8
cars,8
jenkins,8
compilation,8
enterprise-scale,8
rotation,8
end-users,8
paper,8
amount,8
dojo,8
disorders,8
perspective,7
numbers,7
indicators,7
il,7
incrementality,7
adherence,7
accelerator,7
founder,7
contributor,7
assurance,7
investigations,7
world-changing,7
vertical,7
budget,7
presence,7
blogs,7
legacy,7
infrastructure-as-code,7
institutions,7
proofs,7
html,7
migrating,7
proof,7
artifacts,7
demos,7
issue,7
consultants,7
mba,7
guides,7
implications,7
distill,7
times,7
stage,7
launches,7
communicator,7
terms,7
acumen,7
publication,7
mlir,7
teamwork,7
decision-makers,7
mitigation,7
collaborates,7
methodology,7
possibilities,7
dynamics,7
quantization,7
reason,7
sessions,7
neurips,7
incidents,7
smooth,7
table,7
agility,7
agent-based,7
diffusion,7
ad-hoc,7
coach,7
highlight,7
peer-reviewed,7
enhancement,7
footprint,7
numerical,7
connectivity,7
processors,7
placement,7
error,7
logic,7
strengths,7
object-oriented,7
glue,7
learnings,7
cybersecurity,7
provider,7
parameters,7
mission-critical,7
semiconductor,7
system-level,7
ergonomics,7
fabrication,7
assembly,7
battery,7
associates,7
sw,7
cpus,7
trial,7
langgraph,7
library,7
configuration,7
suggestions,7
sector,7
git,7
dev,7
linux-based,7
team-building,7
roll-up,7
cost-efficiency,7
acid,7
fellow,6
specialization,6
style,6
chicago,6
game,6
loop,6
english,6
mcp,6
examples,6
food,6
reasons,6
recommendation,6
personalization,6
geo,6
docs,6
sheets,6
summaries,6
pm,6
protocol,6
inception,6
roadblocks,6
modernization,6
ray,6
phase,6
templates,6
integrations,6
seattle,6
setup,6
collaborations,6
meeting,6
surface,6
extraction,6
economists,6
reward,6
pressure,6
agi,6
friday,6
post-training,6
point,6
attitude,6
agreements,6
envision,6
contributors,6
evaluations,6
representation,6
wave,6
multi-agent,6
maintainability,6
delight,6
traffic,6
prediction,6
invention,6
dna,6
navigation,6
spring,6
side-by-side,6
logistics,6
distribution,6
costs,6
unix/linux,6
eye,6
life-long,6
happiness,6
sense,6
inferentia,6
lab,6
principal,6
tenures,6
ts/sci,6
deal,6
rds,6
loves,6
human-computer,6
vllm,6
stem,6
bounty,6
classification,6
pattern,6
3d,6
configurations,6
supercomputers,6
iso,6
mode,6
folks,6
comfort,6
abreast,6
admins,6
multi-stakeholder,6
visionaries,6
hat,6
attempt,6
online/production,6
sprint,6
design/code,6
considerations,6
knowledge/education,6
trade-off,6
optional,6
summary,6
yourselves,6
ui/ux,6
directs,6
metrology,6
technicians,6
columbus,6
metlife,6
affairs,6
googlers,5
format,5
testability,5
everyday,5
volume,5
tx,5
roi,5
steps,5
objective,5
avatars,5
assumptions,5
sunnyvale,5
controllers,5
responses,5
css,5
augment,5
recruit,5
biostatistics,5
selection,5
rewards,5
circumstances,5
diligence,5
deliveries,5
suit,5
conference,5
administration,5
blog,5
investments,5
metadata,5
controls,5
numpy,5
criteria,5
breakthrough,5
hardware-software,5
spaces,5
size,5
opencl,5
pms,5
msc,5
distillation,5
transformer,5
investigation,5
addresses,5
windows,5
schedule,5
posts,5
command,5
multi-tenant,5
proposals,5
math,5
overview,5
rust,5
containers,5
jobs,5
phases,5
vlms,5
picture,5
interns,5
fall,5
scot,5
dollars,5
outbound,5
requirement,5
fixes,5
modalities,5
outputs,5
departments,5
sr,5
choice,5
fault-tolerant,5
scripts,5
directions,5
arrangements,5
graduate,5
measures,5
integrators,5
proposition,5
lot,5
pride,5
yesterday,5
subsystems,5
checks,5
failures,5
powerhouse,5
dynamodb,5
volumes,5
measurements,5
portal,5
electro-mechanical,5
metal,5
segment,5
showcase,5
heights,5
asset,5
com/,5
version,5
kernel,5
force,5
supercomputing,5
researcher,5
postgres/mysql,5
defense,5
studio,5
versions,5
customize,5
properties,5
api-first,5
uptime,5
use-case,5
internals,5
ci,5
drugs,5
disruptions,5
excludes,5
dependents,5
absence,5
preservation,5
stipend,5
expenses,5
child,5
401k,5
palantirian,5
longterm,5
ladders,5
affords,5
wfh,5
veterans,5
leap,5
champions,5
arr,5
patient,5
bodies,5
oversight,5
abbottglobal,5
muscle,5
territories,4
product/program,4
debug/track/resolve,4
attribution,4
diagnosis,4
wafer,4
socs,4
mass,4
tpus,4
yield,4
facilities,4
austin,4
concerns,4
consensus,4
cadence,4
self-serve,4
visibility,4
verticals,4
ambitions,4
understands,4
articles,4
awareness,4
llama,4
mistral,4
microservice,4
paas,4
operators,4
blockers,4
journeys,4
physiology,4
span,4
serverless,4
interpretation,4
gtech,4
transformations,4
acquisition,4
judgement,4
interdependencies,4
sme,4
calls,4
check-in,4
cd,4
leverages,4
relationship-building,4
hand,4
revolution,4
blend,4
simulators,4
releases,4
annotation,4
opinions,4
sport,4
business-critical,4
consultation,4
practitioners,4
voice-of-the-customer,4
replacement,4
boolean,4
sprinklr,4
netbase,4
quid,4
apps/workspaces,4
communication/collaboration,4
spss,4
integration/continuous,4
screenings,4
hire/transfer,4
estate,4
interdisciplinary,4
hyperparameter,4
drift,4
bases,4
owners,4
consumers,4
mastery,4
infrastructures,4
supercomputer,4
instrument,4
customer-centric,4
signals,4
ii,4
grid,4
orders,4
duration,4
planes,4
results-oriented,4
mmpros,4
procurement,4
reference,4
regressions,4
quicksight,4
tenet,4
settings,4
messages,4
ab,4
net,4
scipy,4
chapters,4
puts,4
santa,4
clara,4
touch,4
ruby,4
kinesis,4
iam,4
situations,4
route,4
classes,4
seller,4
recruitment,4
shoppers,4
cf,4
user-centered,4
case,4
expansion,4
segments,4
alliances,4
aiml,4
neuron,4
pieces,4
author,4
choices,4
micro-architecture,4
processor,4
enrichment,4
weekly,4
phy,4
5d,4
ddr/hbm,4
controller,4
fintech,4
ddl,4
biomedical,4
humans,4
entities,4
hacker,4
guys,4
static,4
intuition,4
construction,4
mechatronics,4
injection,4
element,4
truth,4
charts,4
graphs,4
fiction,4
unity,4
course,4
bs/ms/phd,4
parallelisms,4
arxiv,4
cache,4
tensorrt-llm,4
elite,4
relations,4
ethernet,4
supervision,4
bringup,4
dram,4
parallelism,4
transition,4
laboratory,4
dl,4
strength,4
evangelist,4
notebooks,4
sdks,4
annotators,4
paradigms,4
progression,4
uis,4
user-facing,4
remediation,4
eagerness,4
einstein,4
prompts,4
chat,4
configure,4
dx,4
humane,4
memorization,4
roadmap/specification/design,4
interpretability/explainability,4
research/product,4
facct,4
aies,4
york-based,4
techcoo,4
agentforce,4
mob,4
factor,4
property,4
websites,4
indexing,4
snowflake,4
contingent,4
name,4
grafana,4
flask,4
xdm,4
aem,4
recovery,4
mesh,4
corporation,4
mapping,4
lieu,4
cidr,4
transaction,4
encodings,4
indexes,4
cities,4
influencers,4
point-of-view,4
cpg,4
assignments,4
part-time,4
cuda/opencl,4
cross-compilation,4
option,4
multi-cloud,4
repair,4
evidence,4
science-based,4
ages,4
adult,4
count,4
pediasure,4
pedialyte,4
glucerna,4
nutrients,4
statistician,4
ambition,4
adam,4
macros,4
title,4
hearts,4
ﬁngersticks,4
treatment,4
metabolic,4
ani,4
therapies,4
data-loving,3
minute,3
achievement,3
speech/audio,3
life-cycle,3
generations,3
qualification,3
vertex,3
transfer,3
atlanta,3
factory,3
brilliant,3
escalations,3
feed,3
identifies,3
makers,3
enhancements,3
gmail,3
vids,3
threads,3
advocates,3
talks,3
friction,3
preparation,3
agencies,3
briefings,3
satisfaction,3
theories,3
wearables,3
difference,3
pig,3
marts,3
tcp/ip,3
digitalization,3
tax,3
automations,3
bioinformatics,3
readiness,3
us-based,3
counsel,3
activity,3
27th,3
functionalities,3
uncertainty,3
july,3
authority,3
seminars,3
correspondence,3
problem-solver,3
instructions,3
tier,3
testers,3
department,3
agency,3
eda,3
flourish,3
self-directed,3
cross-team,3
chemistry,3
evals,3
agenda,3
ease,3
bsc,3
thursday,3
pilot,3
viability,3
reshape,3
theme,3
mlops/aiops,3
learners,3
instance,3
reimagine,3
hub,3
context-aware,3
loops,3
elevate,3
cvpr,3
linear,3
incident,3
redmond,3
minds,3
blocks,3
estimation,3
kpi,3
objects,3
concise,3
observations,3
standardization,3
road,3
mile,3
backbone,3
aid,3
decomposition,3
kuiper,3
gateways,3
correctness,3
uvm,3
export,3
toolkit,3
multi-tb,3
human-technology,3
judgments,3
procedure,3
floor,3
dialogue,3
individuality,3
purposes,3
combinatorial,3
trials,3
feasibility,3
ww,3
dnn,3
industry-leading,3
verilog,3
shift,3
monday,3
campaigns,3
permissions,3
graph,3
tcl,3
builder,3
relentless,3
wws,3
customer-obsessed,3
wireframes,3
specialty,3
curve,3
use-cases,3
propositions,3
credibility,3
tco,3
trainium,3
trn1,3
side,3
company-sponsored,3
periods,3
liaison,3
practitioner,3
technologist,3
revolutionary,3
script,3
curriculum,3
intel,3
pxt,3
content-related,3
pl/sql,3
mdx,3
hiveql,3
sparksql,3
informatica,3
ssis,3
bodi,3
accounting,3
displays,3
psychophysics,3
limitations,3
kinematics,3
country,3
mysql,3
php,3
sub,3
subsystem,3
avoidance,3
assemblies,3
cad,3
board,3
ar/vr,3
growth-oriented,3
presto,3
workplaces,3
hypothesis,3
formats,3
programmers,3
mpi,3
nvaie,3
slurm,3
llmops,3
pocs,3
motivation,3
perceive,3
productize,3
output,3
sglang,3
narratives,3
upgrades,3
fix,3
teammate,3
sdlc,3
megatron,3
nccl,3
evangelism,3
brains,3
isaac,3
aws/azure/gcp,3
assistants,3
anthropic,3
qsr,3
driveos,3
car,3
industry-standard,3
graphql,3
325k,3
incubator,3
exchange,3
categories,3
software/ml/product,3
embeddings,3
postgres,3
mentality,3
fde,3
washington,3
terabytes,3
alerts,3
fetch,3
visions,3
consumer-grade,3
design-led,3
user-centricity,3
skills/experience,3
flock,3
paramount,3
cycles,3
ohana,3
configuration-driven,3
predictions/scoring,3
predictions,3
1000s,3
10s,3
tenants,3
rotations,3
meal,3
cuteness,3
panda,3
bears,3
survivability,3
tree,3
society,3
fingers,3
substrates,3
spinnaker,3
jvm-based,3
grit,3
mlops/ml,3
sagemaker,3
e-commerce,3
tradecraft,3
ebpf,3
jose,3
lists,3
django,3
centric,3
data-intensive,3
influences,3
filmmakers,3
handles,3
browser,3
hardware/software,3
biology,3
human-centric,3
multi-instance,3
blueprints,3
disaster,3
dr,3
continuity,3
leanix,3
signavio,3
celonis,3
rationalization,3
microservices-based,3
cost-optimized,3
encryption,3
architecture-focused,3
boms,3
facilitation,3
s/4hana,3
cap,3
rap,3
cds,3
cpi,3
pi/po,3
mulesoft,3
event-driven,3
ipa,3
ea,3
togaf,3
eaf,3
modeler,3
management/design,3
label,3
openssl,3
kerberos,3
exploitation,3
pictures,3
alert-triaging,3
inboxes,3
rich-ml,3
blueprint,3
august,3
september,3
winter/spring,3
voltage,3
keras,3
interests/skills,3
buffers,3
logging/telemetry,3
evaluation/replay,3
alameda,3
complaint,3
macro,3
dashboard,3
com/company/abbott-/,3
com/abbottcareers,3
ibp,3
powerpoint,3
bw,3
evaluates,3
exercises,3
alternatives,3
yrs,3
opinion,3
dysfunction,3
data-related,3
versatility,3
re-structure,2
playa,2
vista,2
campus,2
client-side,2
campaign,2
magic,2
handlers,2
tensor,2
pushes,2
osat,2
implements,2
npi,2
hvm,2
specification,2
mexican,2
mexico,2
boulder,2
kit,2
worlds,2
effortless,2
freshness,2
bets,2
surfaces,2
maps,2
segmentation,2
foresight,2
cto,2
representatives,2
veo,2
influencer,2
workspace,2
sign,2
advocacy,2
hybrid-cloud,2
nc,2
owner,2
forums,2
chatbot,2
boston,2
pilots,2
universities,2
company-wide,2
moments,2
exploration,2
dsa,2
parameter,2
alphabet,2
items,2
tandem,2
advisors,2
product/engineering,2
canada,2
contract,2
north,2
america,2
advice,2
negotiation,2
organisation,2
timeframes,2
initiation,2
research-driven,2
zones,2
agendas,2
organise,2
time-saving,2
track-record,2
sensorimotor,2
flywheel,2
adept,2
trajectory,2
bridge,2
gap,2
advancement,2
non,2
sunday,2
structures/algorithms,2
march,2
code-generation,2
31st,2
chemical,2
misuse,2
safety-critical,2
re-define,2
landings,2
february,2
demonstrations,2
innovators,2
openness,2
sky,2
bottom,2
prowess,2
fasttrack,2
migrate,2
cosmos,2
scrutiny,2
aspires,2
protects,2
fabric,2
msftsecurity,2
time-series,2
algebra,2
probability,2
gpts,2
refactor,2
hypotheses,2
consistency,2
flagship,2
correlations,2
abundance,2
kindness,2
datastores,2
key-value,2
dedication,2
design-driven,2
ic5,2
assistant,2
curation,2
nodes,2
gb200,2
mixxx,2
selves,2
sdk,2
slas,2
designer,2
gpt,2
log,2
intern/co-op,2
internship/co-op,2
summer,2
co-op,2
cpms,2
audit,2
auditors,2
escalation,2
refinements,2
side-by-sides,2
vlookups,2
pivots,2
formulas,2
learning/data,2
predicts,2
cost-effective,2
automates,2
shipments,2
gurobi,2
xpress,2
cplex,2
solvers,2
column,2
benders,2
lightgbm,2
xgboost,2
orbit,2
satellites,2
wireless,2
verilog/systemverilog,2
citizen,2
holder,2
cradle,2
retrieve,2
pivot,2
mlda,2
c1+,2
fluency,2
comprehension,2
variable,2
topology,2
message,2
disrupt,2
imagination,2
srp,2
touchpoints,2
concrete,2
innovator,2
mllib,2
mxnet,2
internet-scale,2
fpga,2
saturday,2
morning,2
ma,2
production-level,2
hours/week,2
chains,2
intent,2
ecommerce,2
shopper,2
advertiser,2
self-driven,2
fuels,2
spirit,2
themes,2
machine-learning,2
prevention,2
defenses,2
fraudsters,2
human-like,2
gains,2
mockups,2
systems-level,2
photoshop,2
illustrator,2
territory,2
personas,2
motions,2
voice-of-customer,2
closing,2
mis,2
inf1,2
fsdp,2
brand-new,2
minutes,2
metro,2
sample,2
puzzle,2
customer-first,2
blends,2
sectors,2
trail-blaze,2
microarchitecture,2
systemverilog,2
lint,2
assertions,2
interconnects,2
ingredient,2
block,2
insertion,2
jtag,2
mbist,2
gate-level,2
sdf,2
dft/scan/atpg,2
sta,2
turnkey,2
healthai,2
tenets,2
press,2
faq,2
qa/testing,2
traction,2
hbm/ddrx,2
cards,2
memories,2
write/modify,2
ticket/metric/coe,2
ece,2
soc/io/subsystems,2
io,2
hbm/drrx,2
boot-up,2
initiatization,2
sequence,2
root-cause,2
ddrx,2
hardware-informed,2
multi-task/meta,2
sparsification,2
roll,2
levers,2
data-sets,2
courses,2
ehr,2
hipaa,2
cpu,2
results-driven,2
consortiums,2
attorneys,2
cognition,2
threshold,2
biomechanics,2
variables,2
perceptual,2
effects,2
psychology,2
time-sensitive,2
convince,2
studios,2
electro-mechanics,2
transmissions,2
hardware/firmware,2
motors,2
actuations,2
vlm/vla,2
manufacture,2
sub-assemblies,2
fixtures,2
mechanics,2
characterization/training,2
calibration,2
actuators,2
collision,2
aerospace,2
chip-level,2
gear-ratio,2
electronics,2
siemens,2
convex,2
potentials,2
sheet,2
elastomer,2
cm,2
jdm,2
odm/oem,2
finite,2
modal,2
haptics,2
fluid,2
welfare,2
erisa,2
profile/family,2
population,2
xfn,2
comp,2
workday,2
inquiries,2
tasks/projects,2
exploits,2
gws,2
smt,2
prototyper,2
technology-focused,2
coursework,2
acceptance,2
brain,2
light,2
cameras,2
announcements,2
technical/developer,2
inference-specific,2
dynamo,2
peak,2
farm,2
bash,2
json,2
productization,2
production-quality,2
vision-language,2
cortex,2
dpus,2
animations,2
topologies,2
tokenization,2
sc,2
nvidiabenefits,2
datacenters,2
collaborator,2
nvidian,2
walk-throughs,2
product-based,2
documentations,2
channel,2
samples,2
annotator,2
demeanor,2
diagnose,2
adaptation,2
multi,2
supplier,2
games,2
conformance,2
collateral,2
protections,2
trainings,2
web-based,2
exascale,2
vue,2
execution-focused,2
touches,2
similarities,2
generalist,2
enthusiasts,2
hobbyists,2
combat,2
quota,2
push-button,2
customer-focused,2
experiment-driven,2
scopes,2
network/cloud,2
405k,2
vms,2
enact,2
codex,2
grpc,2
futureforce,2
university,2
strategists,2
org,2
conclusions,2
hyperforce,2
sequence-to-sequence,2
syntax,2
preferences,2
intellij,2
gitlab,2
customization,2
chain-of-thought,2
soap,2
coo,2
heroku,2
test-driven,2
self-organize,2
apex,2
triggers,2
oop,2
ml-powered,2
internationalization,2
user-focused,2
pragmatism,2
executor,2
visionary,2
unknowns,2
classification/clustering,2
door,2
dozen-person,2
adopters,2
cursor,2
melbourne,2
auckland,2
pleasant,2
detections,2
coworkers,2
latitude,2
shouldn,2
ethos,2
mfa,2
zerotrust,2
secrets,2
tokens,2
kibana,2
chronicle/secops,2
siem,2
iac,2
fusion,2
schedules,2
obstacles,2
mongodb,2
nlu,2
apisand,2
oauth,2
precision,2
dom,2
comet,2
com/careers/awards,2
com/watch,2
hml6uqzhyhw,2
uuldsu3-y4-bfi08784k-p4g,2
index,2
scala/java/akka,2
rdbms/data,2
federation,2
consciousness,2
llm/vertical,2
design/architecture,2
build/code/test,2
recast,2
conversation,2
chapter,2
kotlin,2
http/s,2
production-scale,2
acrobat,2
circuits,2
file,2
armonk,2
ddls,2
secret/sci,2
patients,2
determination,2
cyber,2
fault-finding,2
haskell,2
teammates,2
schemas,2
wysiwyg,2
javascript/typescript,2
views,2
dnb,2
spark/ml/ai,2
p-186,2
corner,2
berkeley,2
exabytes,2
faults,2
shield,2
p-987,2
p-226,2
east,2
coast,2
ssa,2
training/inference,2
sale,2
repos,2
huggingface,2
post-sales,2
role-specific,2
labels,2
tuesday,2
wednesday,2
inline,2
cell,2
codecs,2
editors,2
electric,2
preference,2
geometry,2
envoy,2
interoperability,2
user-space,2
robotaxi,2
diagrams,2
performance/memory,2
bottleneck,2
hardcore,2
simd,2
posix,2
infotainment,2
purpose-driven,2
time-slicing,2
mig,2
analyzers,2
substrate,2
acelis,2
observational,2
variance,2
crfs,2
edit,2
risk-based,2
survey,2
non-statisticians,2
sdtm/adam,2
writing/reviewing,2
op,2
period,2
prescription,2
parking,2
transit,2
bedrock,2
park,2
coordinates,2
investigates,2
establishes,2
noncompliance,2
clinician,2
metabolism,2
obesity,2
ingredients,2
formulations,2
cardiac,2
lifecycles,2
pharmaceutical,2
fda,2
sylmar,2
diseases,2
diego,2
monitors,2
mathematics/physics,2
technology-driven,2
therapy,2
kanban,2
gateway,2
ops,2
neuromodulation,2
bootstrap,2
boot,2
chrome,1
bruno,1
technical-driven,1
problems--from,1
efuse,1
teradyne,1
chroma,1
fabs,1
msca,1
budgets,1
collaterals,1
provisions,1
article,1
cdmx,1
addison,1
miami,1
adk,1
business-to-business,1
bridges,1
enterprise-ready,1
viewers,1
frontlines,1
weekends,1
graphic,1
vectors,1
spam,1
ux/ui,1
answers,1
outlook,1
narrative,1
sum,1
commitments,1
kr,1
tail,1
dash-boarding,1
industry-scale,1
supervision/team,1
theirs,1
consumer-facing,1
precedent,1
headroom,1
kirkland,1
supporter,1
educator,1
follower,1
imagen,1
claude,1
engineering/developer,1
relation,1
genai/ai,1
resources/developer,1
podcasts,1
ignite,1
excitement/adoption,1
developers/enterprise,1
releases/events,1
classroom,1
chromebooks,1
schools,1
webhooks,1
liaise,1
orchestrators,1
objections,1
durham,1
partner-facing,1
encoders,1
decoders,1
cto/technical,1
competitors,1
webinars,1
isv,1
wins,1
health/medical,1
bio-signals,1
ppg,1
ecg,1
communities/efforts,1
ubiquity,1
smartphones,1
generalization,1
flume,1
cost-benefit,1
synch,1
asynch,1
dashboards/reports,1
polymer,1
controllership,1
flawless,1
plx,1
phds,1
statisticians,1
problem-space,1
15th,1
toronto,1
guest,1
interviewee,1
web-scale,1
london,1
analyse,1
insights-led,1
philosophy,1
tensions,1
dependency,1
multimodality,1
dependencies/risks/issues,1
distinctions,1
experience/knowledge,1
interviews,1
appointments,1
briefing,1
lunches,1
visitors,1
arrange,1
visits,1
hotel,1
reservations,1
flight,1
visas,1
itineraries,1
transport,1
compile,1
reimbursements,1
trustworthy,1
acute,1
listener,1
eq,1
world-leading,1
tools/facilities,1
minimise,1
lynchpin,1
gaps/assets,1
xgoogle,1
licence,1
gdms,1
connections,1
partners/gdm,1
negotiations,1
players,1
externalize,1
human-centered,1
nexus,1
recipes,1
tester,1
gdm-wide,1
deepmind/google,1
research-centric,1
pdt,1
cat,1
citation,1
ones,1
facets,1
normalisation,1
starters,1
dbt,1
pandas,1
29th,1
maternity,1
revolutionise,1
lighting,1
pioneer,1
compiler-based,1
constraint-based,1
representations,1
dialects,1
circt,1
xls,1
theorem,1
engineer/research,1
productionisation,1
biological,1
specialism,1
landscapes,1
biotechnology,1
cbrn-related,1
non-experts,1
france,1
uk,1
gravitate,1
infra-heavy,1
mid,1
tl,1
upskill,1
time-zones,1
writer,1
library-quality,1
team-members,1
inference-efficiency,1
industry-largest,1
1e25,1
flops,1
gpu/tpu,1
gpu/tpus,1
checkpoints,1
20th,1
genie,1
lesson,1
multi-team,1
research/software,1
superhuman,1
omnimodal,1
sota,1
engineer/scientist,1
image-text,1
google-scale,1
involvement,1
bet,1
copilots,1
premium,1
contacts,1
emails,1
mac,1
pyrit,1
com/azure/pyrit,1
emulates,1
attacks,1
teamers,1
adversary,1
emulation,1
attack,1
synapse,1
arm,1
msecair,1
aml,1
wwl,1
soultions,1
mcaps,1
sellers,1
artifical,1
copilot-enabled,1
nextgen,1
reproducibility,1
traceability,1
delegation,1
privacy-preserving,1
human-ai,1
applicability,1
acl,1
dialogs,1
ojobs,1
products/solutions,1
mentors,1
ambiguities,1
conflicts,1
dri,1
instrumentation,1
processess,1
dsagents,1
game-changing,1
resolutions,1
18th,1
mai,1
hosts,1
hats,1
rlhf,1
compute-capacity,1
72nvl,1
confidence,1
shapes,1
service-level,1
rcas,1
outages,1
ic6,1
coreai,1
photos,1
integration/flight/maintenance,1
llm/vlm/diffusion,1
deepseek-r1,1
phi-v,1
qwen,1
obsession,1
selects,1
hour,1
majority,1
ii-bing,1
fidelity,1
replays,1
modeling/machine,1
bingads,1
statisticalanalysis,1
solutions-oriented,1
media/advertising,1
tie,1
rationale,1
linkage,1
definitions,1
eandejobs,1
doers,1
co-ops,1
manipulators,1
jobs/en/teams/amazon-robotics,1
a2800795,1
a2996315,1
date/time,1
carbon,1
trucks,1
vans,1
a2938415,1
constellation,1
broadband,1
modems,1
cmos,1
matlab/c,1
matrices,1
benches,1
systemc,1
dpi-c,1
resident,1
green,1
card,1
refugee,1
asylum,1
modem,1
a2945019,1
aspect,1
thrill,1
datanet,1
explore/analyze,1
spot,1
defects,1
anecdotes,1
a2941120,1
a2873667,1
capital,1
frequency,1
cannibalization,1
bandits,1
disregard,1
manipulate,1
statements,1
inputs,1
arlington,1
va,1
a2987959,1
learning/dnn,1
amazon-scale,1
insights--from,1
rcts,1
a2921648,1
architecture/micro-architecture,1
a2929903,1
a2966509,1
a3004288,1
excitement,1
puzzles,1
luminaries,1
sharpen,1
40h,1
bellevue,1
cambridge,1
a2997536,1
quantities,1
frequencies,1
ecs,1
bdt,1
tables,1
lead/orchestrate,1
org-wide,1
column-family,1
a2938369,1
factual,1
strides,1
wpm,1
a2870512,1
a2996326,1
electrons,1
power/clock,1
internship/project,1
finfet,1
clock/power,1
spice,1
synopsys,1
icc2,1
pt,1
genus,1
innovus,1
voltus,1
sophistication,1
com/research,1
a2954644,1
destination,1
query/shopper-to-brand,1
value/differentiator,1
attribute,1
customer-brand,1
transformer-based,1
amazon-wide,1
hackathons,1
toolkits,1
self-developed,1
a3006821,1
ssi,1
science-vetted,1
scale-up,1
cross-cutting,1
decarbonization,1
sustainability-related,1
emissions,1
techno-economic,1
organization-level,1
a3005446,1
operations-focused,1
nacf,1
ob,1
ixd,1
cost-efficient,1
corners,1
weka,1
business/analytical,1
etl/,1
elt,1
a2957081,1
merchandise,1
impressions,1
clicks,1
fun-loving,1
price,1
pages,1
auctions,1
merchants,1
placements,1
publisher,1
buyers,1
a2969545,1
simulations,1
tactics,1
a2988958,1
inspires,1
axure,1
invision,1
a2977494,1
families,1
llama3,1
dbrx,1
coretech,1
lex,1
frustration,1
idiosyncrasies,1
outliers,1
trace,1
explainability,1
models/systems,1
charter,1
com/connect/,1
a2984100,1
virginia,1
keystone,1
haul,1
figure,1
life-saving,1
technologists,1
credo,1
defender,1
giac,1
essentials,1
gsec,1
casp+,1
comptia,1
ccsp,1
smb,1
workshop,1
lunch,1
session,1
west,1
syncs,1
viewpoints,1
implementation/consulting,1
internet-related,1
dev/ops,1
a2982804,1
clock/reset/functional/dft,1
synthesis/timing,1
clock,1
spyglass,1
cdc,1
sdc,1
axi,1
si,1
pdn,1
fabless,1
nitro,1
graviton,1
possibility,1
layers,1
ltd,1
a2974577,1
a2788478,1
scales,1
hone,1
scrappiness,1
a3008947,1
a3006652,1
a2897523,1
a2987109,1
a2930034,1
a2997716,1
a2975710,1
type,1
sleeves,1
headfirst,1
convention,1
pinpoint,1
piece,1
curators,1
industry-shaking,1
a3007751,1
prospect,1
fashion,1
columnar,1
relishes,1
a2983903,1
a2998694,1
apn,1
hl7/fhir,1
genomics,1
equip,1
tomorrow,1
solutions/services/applications,1
a2999742,1
sparsity,1
microcontrollers,1
neuroscience,1
mixture,1
ingenuity,1
trade,1
reality/virtual,1
spatial,1
multisensory,1
kinesiology,1
body,1
emg,1
ar/vr/mr,1
music,1
iterations,1
data-centric,1
vertica,1
difference-in-differences,1
multi-layer,1
mount,1
appearance,1
distances,1
vice,1
versa,1
iccv,1
icassp,1
interspeech,1
motivates,1
informs,1
sla,1
mechanism,1
workspaces,1
highlights,1
workjoin,1
mlbs,1
fpcs,1
optics,1
adventure,1
lifetime,1
frl,1
solicit,1
craftsmanship,1
classifiers,1
smp,1
hack,1
college,1
codes,1
ships,1
interplay,1
openmp,1
comparison,1
jr1997781,1
oci,1
filesystems,1
lustre,1
gpfs,1
beegfs,1
wekaio,1
omni,1
gig-e,1
data-based,1
arguments,1
user-centric,1
mock-up,1
rags,1
lang,1
langsmith,1
jr1997910,1
project/product,1
introductions,1
skill-set,1
jr1995257,1
av,1
signs,1
roadmarks,1
texts,1
brake,1
hazard,1
localization,1
dnn-based,1
conferences/journals,1
calibrations,1
marketing/launch,1
jr1997097,1
rtl/verification,1
filer,1
inefficiency,1
tenacity,1
asics,1
stimulus,1
assertion-based,1
jr1990911,1
hyperscaler,1
co-engineering,1
performance/system/solution,1
l2-l7,1
rdma/roce,1
nics,1
testing/tuning,1
dpdk,1
sec,1
jr1993372,1
pmms,1
c-levels,1
bsa,1
system-based,1
client-server,1
cross-department,1
cross-project,1
approval,1
motivator,1
enterprise-class,1
jira,1
confluence,1
sigma,1
jr1997072,1
decades,1
tape,1
soc/gpu,1
lpddr,1
analog,1
power-on,1
spokes,1
wheel,1
jr1997585,1
vlas,1
text-to-image/video,1
research/postdoc,1
auto-regressive,1
vae/gan,1
variants,1
ddp,1
vla,1
gpu-based,1
jr1997454,1
factories,1
co-optimization,1
keynotes,1
dogfood,1
co-author,1
research-backed,1
explainers,1
memory-efficient,1
hardware-aware,1
check-pointing,1
nvswitch,1
pcie,1
decks,1
venues,1
isc,1
mlperf,1
hood,1
storyteller,1
jr1996579,1
hpc/cloud,1
oem,1
headquarters,1
transitions,1
waterfall,1
jr1991662,1
devtech,1
manufacturers,1
jump,1
toolsets,1
perception-in-the-loop,1
demonstration,1
tele-operation,1
gear,1
imitation,1
sim,1
omniverse,1
mjcf,1
urdf,1
gym,1
mujoco,1
jr1998201,1
voice-powered,1
jasper,1
quartznet,1
citrinet,1
asr,1
text-to-speech,1
translation,1
reviewers,1
jr1973183,1
self-explanatory,1
forum,1
jr1986301,1
tutorials,1
laser-focused,1
set-up,1
whiteboard,1
docker/containers,1
demo,1
time-management,1
jr1993613,1
thesis,1
beings,1
head,1
roll-up-your-sleeves,1
linguists,1
academics,1
nuances,1
relay,1
planning/design/implementation,1
management/leadership,1
repurposing/reannotating,1
jr1986216,1
multimedia,1
asil-d,1
un,1
reg,1
avionics,1
toolchain,1
tests/frameworks,1
guard,1
tools/languages,1
start-ups,1
jr1996832,1
meander,1
night,1
jr1996559,1
echelon,1
nlp/genai,1
jr1997190,1
inroads,1
section,1
jr1997088,1
mark,1
accomplishments,1
microcode,1
gp-gpu,1
linker,1
stewardship,1
responsiveness,1
extensions,1
suitability,1
customer/partner,1
lead/management,1
committees,1
explosion,1
jr1996264,1
safeguards,1
mles,1
490k,1
product-minded,1
eval,1
beam,1
research-facing,1
python/rust,1
trino/presto,1
iceberg,1
helm,1
adaptability,1
plugins,1
gpt-3,1
horizon,1
prime,1
adversaries,1
codebase,1
intuit,1
compute-intensive,1
fdes,1
255k,1
speech-to-speech,1
gpt-4o,1
tlm,1
product-facing,1
460k,1
555k,1
kickstart,1
prospects,1
advisory,1
faqs,1
nurture,1
presenter,1
instability,1
performance-critical,1
590k,1
bug-free,1
pursues,1
codegen,1
gcc,1
fdswes,1
fdswe,1
hand-in-hand,1
operator,1
layer,1
case-by-case,1
000x,1
kata,1
firecracker,1
gvisor,1
sysbox,1
decision-maker,1
data-informed,1
artist,1
sfdc,1
self-management,1
readability,1
auto-completion,1
snippets,1
post-processing,1
ides,1
vscode,1
pycharm,1
sleep,1
knack,1
fruition,1
framework-related,1
increments,1
llms/mlms,1
bert,1
t5,1
rest-based,1
wsdl,1
office-flex,1
ly-y,1
time-to-publish,1
unification,1
consolidation,1
servers/clients,1
clicks-to-action,1
generators,1
auto-resolution,1
representative,1
hotspots,1
question,1
elicit,1
semantics,1
performance-related,1
autogen,1
traces,1
perf,1
flamegraphs,1
multi-model,1
cohesion,1
b2c/b2b,1
tolerance,1
dns-related,1
migrations,1
automation-first,1
registries,1
anycast/multicast,1
resiliency,1
vpc,1
concepts/tools,1
eyes,1
augmentation,1
cloud/container,1
anycast,1
sre,1
reusability,1
modularity,1
multi-surface,1
sills,1
erp,1
jd,1
customer-base,1
refinement,1
language/library/service,1
size/scope/complexity,1
bench,1
csm,1
genstudio,1
animation,1
auto-versioning,1
voiceover,1
significance,1
roots,1
educators,1
shares,1
inspirea,1
executionof,1
developengineers,1
decisionsand,1
asaws,1
orgoogle,1
inai/ml,1
mission-driven,1
ml/genai,1
difficulties,1
timeline,1
gin,1
micro-services,1
cassandra,1
operationalization,1
intent-based,1
keyword,1
intent-driven,1
azure/aws,1
terminology,1
team-focused,1
cja,1
rtcdp,1
tags,1
public-facing,1
writers,1
flutter,1
meetups,1
com/adobe/alloy,1
implementrobust,1
pipelinesfor,1
insoftware,1
withjava,1
andpython,1
withagentic,1
enterprise-level,1
predictability,1
reactjs,1
ood/oop,1
docker/kubernetes,1
bs/ms,1
authentication/authorization,1
sso,1
podman,1
text-to-video,1
lehi,1
captivate,1
fuel,1
asynchrony,1
spa,1
micro,1
acuity,1
jun,1
master/ph,1
cross-channel,1
trigger-based,1
project/feature/service,1
devops-oriented,1
cookies,1
cross-site,1
client/server,1
microservice-based,1
sciences/engineering,1
ms/ph,1
unit/integration/end-to-end,1
lens,1
tpms,1
gpu-intensive,1
gans,1
biases,1
observation,1
pain-points,1
experimentalists,1
room-temperature,1
josephson,1
junctions,1
schemes,1
yield-assessments,1
societies,1
accomplishment,1
200/300mm,1
stations,1
hardware-algorithm,1
cotechniques,1
merits,1
eminence,1
domain-specific,1
system-on-chip,1
chemistry/biochemistry,1
ci/co,1
biochemstry,1
multi-int,1
confronts,1
science/analysis,1
cots,1
gots,1
geoint,1
masint,1
sigint,1
analyst/data,1
outage,1
dictionaries,1
administrators,1
dbas,1
error-free,1
sn139,1
reconstructive,1
isolation,1
forest,1
tribes,1
tickets,1
errors,1
granite,1
d124,1
gots/cots,1
nomad,1
installation,1
secret//sci,1
multi-tenancy,1
service-oriented,1
soa,1
morale-boosting,1
iaas,1
blockchain,1
doctors,1
environmentalists,1
waterways,1
retailers,1
rates,1
h/w,1
ppc,1
profiler,1
userspace,1
bugs,1
gdb,1
docker/podman,1
ciso,1
vulnerability,1
enterprise-wide,1
pre-production,1
pod,1
registry,1
shell,1
container-hosting,1
break-fix,1
swarm,1
stakes,1
aspire,1
entrepreneur,1
basics,1
typescript/javascript,1
gradle,1
pdaat,1
troves,1
data-rich,1
underpins,1
self-check,1
warfighter,1
battlefronts,1
militaries,1
tpm,1
granular,1
room,1
miscommunication,1
lack,1
discussion,1
composure,1
lightweight,1
designation,1
software-related,1
project/program,1
responsiblities,1
material-ui,1
dags,1
noc,1
test/deploy/monitor,1
playbooks,1
production-impacting,1
warehousing/etl,1
bigquery,1
delta/iceberg,1
jvm,1
p-988,1
p-97,1
p-256,1
mpp,1
oltp,1
olap,1
fsd,1
collectors,1
concurrency,1
orchestrator,1
postgresql,1
driverless,1
fail-safe,1
downtime,1
mobility,1
powder,1
film,1
electrode,1
inline/lineside,1
self-serviced,1
hyperparameters,1
100s,1
trillions,1
design/development,1
api/product,1
design/implementation,1
speed/high,1
llm/genai,1
design/implementation/testing/support,1
human-facing,1
3a,1
filters,1
hdr,1
imager,1
tunings,1
monitoring/observability,1
cpu-gpu,1
cuda/triton,1
autopilot/full,1
editor,1
scenario,1
recreate,1
playground,1
yaml,1
ontologies,1
command-line,1
gameplay,1
maya,1
max,1
physics-based,1
algorithms/features,1
modeling/control,1
matlab/simulink,1
forces,1
teleoperation,1
software/hardware,1
laser,1
multivariate,1
calculus,1
dof,1
dofs,1
mpc,1
pinoccio,1
drake,1
moveit,1
ceres,1
science/engineering,1
research/technologies,1
enthusiasm,1
firewalls,1
waf,1
gigafactory,1
cdn,1
proxies,1
introspection,1
tcp,1
bgp/bfd,1
grpc/rpc,1
consul,1
etcd,1
expert-level,1
balancers,1
f5,1
haproxy,1
routines,1
pcie-based,1
maintainence,1
inclination,1
aug/sep,1
phone,1
holiday,1
palo,1
alto,1
levarage,1
locomotion,1
standars,1
ethercat,1
self-healing,1
kubernetes-based,1
flyteand,1
kubeflow,1
flyte,1
torchserve,1
rest/grpc,1
telegraf,1
cornerstone,1
summon,1
eta,1
application/ui,1
qa/validation,1
ml/compiler,1
scripting/tooling,1
matlab/python,1
grade,1
sub-systems,1
verification/validation,1
matlab/python/c,1
python/matlab,1
freertos,1
microcontroller,1
peripherals,1
spi,1
i2c,1
uart,1
irq,1
timers,1
adcs,1
dacs,1
toolchains,1
gnu,1
iar,1
bootloaders,1
linkers,1
jtag/swd,1
dedi-prog,1
fir,1
iir,1
fft,1
oscilloscopes,1
batteries,1
electricity,1
prices,1
megapacks,1
powerwalls,1
plants,1
microgrids,1
pgvector,1
faiss,1
super,1
layout,1
si/pi,1
house,1
chip-to-packaging,1
packaging-to-system,1
warpage,1
stress-strain,1
solder,1
underfill,1
mold,1
tma,1
nanoindentation,1
lap,1
shear,1
tga,1
mechanical/material,1
fem,1
ansys,1
abaqus,1
fan-out,1
callminer,1
livermore,1
groom,1
assists,1
pounds,1
develpment,1
princeton,1
month,1
variances,1
insights-driven,1
project-specific,1
capabilities/limitations,1
solutions-based,1
engineer/architect,1
hallucination,1
balances,1
meshes,1
menlo,1
sh,1
conducts,1
personnel,1
cultivates,1
w/approval,1
delays,1
expenditure,1
dependencies/relationships,1
governmental,1
quality-related,1
postmarket,1
surveillance,1
trains,1
contractors,1
formulates,1
justification,1
suppliers,1
pleasanton,1
hfd,1
statutes,1
panels,1
engineering/computer,1
sarcopenia,1
immobilization,1
malnutrition,1
literature,1
searches,1
animal,1
patent,1
endure,1
commercialization,1
disease-related,1
word,1
graphpad,1
prism,1
stake,1
publication/scientific,1
biochemistry,1
americas,1
formulation,1
nutrient,1
organoleptic,1
plymouth,1
mn,1
incumbent,1
creation/usage,1
imbalance,1
tree-based,1
svn,1
runtimes,1
encoder-decoder,1
moe,1
recurrent,1
hybrids,1
repositories,1
post-market,1
anatomy,1
cardiology,1
asia,1
latam,1
emea,1
china,1
results/implications,1
democratization,1
pbi,1
pockets,1
markets/consumer,1
supplier-side,1
manufacturer-side,1
mmm,1
pnp,1
excel/powerpoint,1
dots,1
panel,1
nielsen,1
iqvia,1
kantar,1
cultures/geographies,1
fact-based,1
willis,1
tower,1
mdd,1
bridge/glue,1
rollout,1
rollback,1
productionization,1
cicd,1
executive/leadership,1
nlp/nlg,1
clouddbs,1
specializations,1
fda-regulated,1
know-how,1
submissions,1
anonymization,1
freestyle,1
lingo,1
cgm,1
bio,1
coherence,1
tomography,1
oct,1
icm,1
covid-19,1
pandemic,1
spacy,1
rdexpansionsandiego,1
catalog,1
udacity,1
nanodegree,1
programming-heavy,1
freelance,1
self-guided,1
occupational,1
pwds,1
lifestyle,1
hypothesis-driven,1
pwd,1
medication,1
modules,1
system/software,1
credit,1
degrees,1
lemmatization,1
etiology,1
pathogenesis,1
therapeutics,1
iii,1
barriers/core,1
education/experience,1
tdd,1
okta,1
veracode,1
asp,1
cfr,1
ivd,1
reaches,1
geographies,1
endpoints,1
software/tools,1
wealth,1
scope/timeline,1
plano,1
continuum,1
interventions,1
proof-of-concepts,1
participant,1
developer/architect,1
xp,1
